"Sample.ID","TA","Mass","Type"
"20181102_JUNK",2116.4470011899,59.774,NA
"20181102_CRM1",2254.05943235676,59.979,NA
"20181102_CRM2",2250.06067385347,59.6699,NA
