"Sample.ID","TA","Mass","Type"
"20181102_1",2099.12978408255,60.259,NA
"20181102_2",2107.23015267386,59.126,NA
