"Sample.ID","TA","Mass","Type"
"20181030_JUNK",2090.88134015448,59.7,NA
"20181030_CRM1",2266.72435887611,59.436,NA
"20181030_CRM2",2260.64651330148,60.2884,NA
